{"cameraMode":{"drawMode":0,"name":"Shaded","section":"Shading Mode"},"sceneLighting":false,"audioPlay":false,"sceneViewState":{"showFog":true,"showMaterialUpdate":false,"showSkybox":false,"showFlares":true,"showImageEffects":true,"showParticleSystems":true},"in2DMode":false,"pivot":{"x":-0.03400006890296936,"y":0.3094232678413391,"z":-0.06348292529582977},"rotation":{"x":0.1834159642457962,"y":-0.02095092460513115,"z":0.003913456574082375,"w":0.9828125238418579},"size":1.1326138973236085,"orthographic":true}