{"cameraMode":{"drawMode":0,"name":"Shaded","section":"Shading Mode"},"sceneLighting":false,"audioPlay":false,"sceneViewState":{"showFog":true,"showMaterialUpdate":false,"showSkybox":false,"showFlares":true,"showImageEffects":true,"showParticleSystems":true},"in2DMode":false,"pivot":{"x":2.1314191818237306,"y":0.6755683422088623,"z":-1.6718428134918213},"rotation":{"x":0.11042231321334839,"y":0.07892778515815735,"z":-0.00879725068807602,"w":0.9907075762748718},"size":3.0852627754211427,"orthographic":true}