{"cameraMode":{"drawMode":0,"name":"Shaded","section":"Shading Mode"},"sceneLighting":false,"audioPlay":false,"sceneViewState":{"showFog":true,"showMaterialUpdate":false,"showSkybox":false,"showFlares":true,"showImageEffects":true,"showParticleSystems":true},"in2DMode":false,"pivot":{"x":0.0095100998878479,"y":0.3161829113960266,"z":-0.050485044717788699},"rotation":{"x":-0.08876613527536392,"y":-0.23613503575325013,"z":0.02166682854294777,"w":-0.9674147963523865},"size":0.9127863049507141,"orthographic":false}