{"cameraMode":{"drawMode":0,"name":"Shaded","section":"Shading Mode"},"sceneLighting":false,"audioPlay":false,"sceneViewState":{"showFog":true,"showMaterialUpdate":false,"showSkybox":false,"showFlares":true,"showImageEffects":true,"showParticleSystems":true},"in2DMode":false,"pivot":{"x":-0.0030771493911743166,"y":0.030737638473510743,"z":-0.005753070116043091},"rotation":{"x":0.019480261951684953,"y":-0.043478839099407199,"z":0.0008484594291076064,"w":0.9988667964935303},"size":1.0595881938934327,"orthographic":true}