{"cameraMode":{"drawMode":0,"name":"Shaded","section":"Shading Mode"},"sceneLighting":false,"audioPlay":false,"sceneViewState":{"showFog":true,"showMaterialUpdate":false,"showSkybox":false,"showFlares":true,"showImageEffects":true,"showParticleSystems":true},"in2DMode":false,"pivot":{"x":0.0000978708267211914,"y":-0.09521794319152832,"z":-0.023178279399871827},"rotation":{"x":-0.032769542187452319,"y":0.9226557612419128,"z":-0.08047407865524292,"w":-0.37571150064468386},"size":1.384232521057129,"orthographic":true}