{"cameraMode":{"drawMode":0,"name":"Shaded","section":"Shading Mode"},"sceneLighting":false,"audioPlay":false,"sceneViewState":{"showFog":true,"showMaterialUpdate":false,"showSkybox":false,"showFlares":true,"showImageEffects":true,"showParticleSystems":true},"in2DMode":false,"pivot":{"x":-0.006731078028678894,"y":0.015549838542938233,"z":2.894707679748535},"rotation":{"x":0.003507538465783,"y":0.9844452142715454,"z":-0.1745671182870865,"w":0.019802015274763109},"size":0.5154111981391907,"orthographic":true}