{"cameraMode":{"drawMode":0,"name":"Shaded","section":"Shading Mode"},"sceneLighting":false,"audioPlay":false,"sceneViewState":{"showFog":true,"showMaterialUpdate":false,"showSkybox":false,"showFlares":true,"showImageEffects":true,"showParticleSystems":true},"in2DMode":false,"pivot":{"x":0.4333620071411133,"y":0.22662639617919923,"z":-1.0488117933273316},"rotation":{"x":0.08950334042310715,"y":0.7400440573692322,"z":-0.10051734745502472,"w":0.6589537858963013},"size":3.715709686279297,"orthographic":true}