{"cameraMode":{"drawMode":0,"name":"Shaded","section":"Shading Mode"},"sceneLighting":false,"audioPlay":false,"sceneViewState":{"showFog":true,"showMaterialUpdate":false,"showSkybox":false,"showFlares":true,"showImageEffects":true,"showParticleSystems":true},"in2DMode":false,"pivot":{"x":0.01034468412399292,"y":0.04392290115356445,"z":-0.005600333213806152},"rotation":{"x":-0.01799803599715233,"y":-0.011720595881342888,"z":0.00020970321202185005,"w":-0.9997732043266296},"size":0.8326666951179504,"orthographic":true}