{"cameraMode":{"drawMode":0,"name":"Shaded","section":"Shading Mode"},"sceneLighting":false,"audioPlay":false,"sceneViewState":{"showFog":true,"showMaterialUpdate":false,"showSkybox":false,"showFlares":true,"showImageEffects":true,"showParticleSystems":true},"in2DMode":false,"pivot":{"x":0.002492070198059082,"y":0.2933439016342163,"z":-0.08012929558753967},"rotation":{"x":0.10474416613578797,"y":0.0346166230738163,"z":-0.0036464023869484665,"w":0.9938927292823792},"size":0.7553313374519348,"orthographic":true}