{"cameraMode":{"drawMode":0,"name":"Shaded","section":"Shading Mode"},"sceneLighting":false,"audioPlay":false,"sceneViewState":{"showFog":true,"showMaterialUpdate":false,"showSkybox":false,"showFlares":true,"showImageEffects":true,"showParticleSystems":true},"in2DMode":false,"pivot":{"x":0.008881598711013794,"y":-0.10696017742156983,"z":-0.09619635343551636},"rotation":{"x":-0.01799803599715233,"y":-0.011720595881342888,"z":0.00020970321202185005,"w":-0.9997732043266296},"size":1.014853835105896,"orthographic":true}