{"cameraMode":{"drawMode":0,"name":"Shaded","section":"Shading Mode"},"sceneLighting":false,"audioPlay":false,"sceneViewState":{"showFog":true,"showMaterialUpdate":false,"showSkybox":false,"showFlares":true,"showImageEffects":true,"showParticleSystems":true},"in2DMode":false,"pivot":{"x":-0.0010983943939208985,"y":-0.08758503198623657,"z":-0.0272834450006485},"rotation":{"x":0.10474416613578797,"y":0.0346166230738163,"z":-0.0036464023869484665,"w":0.9938927292823792},"size":1.3806438446044922,"orthographic":true}