{"cameraMode":{"drawMode":0,"name":"Shaded","section":"Shading Mode"},"sceneLighting":false,"audioPlay":false,"sceneViewState":{"showFog":true,"showMaterialUpdate":false,"showSkybox":false,"showFlares":true,"showImageEffects":true,"showParticleSystems":true},"in2DMode":false,"pivot":{"x":-0.023500025272369386,"y":0.3495352864265442,"z":-0.06910718977451325},"rotation":{"x":0.17014366388320924,"y":0.016851425170898439,"z":-0.002908583264797926,"w":0.9852750897407532},"size":1.1597827672958375,"orthographic":true}