{"cameraMode":{"drawMode":0,"name":"Shaded","section":"Shading Mode"},"sceneLighting":false,"audioPlay":false,"sceneViewState":{"showFog":true,"showMaterialUpdate":false,"showSkybox":false,"showFlares":true,"showImageEffects":true,"showParticleSystems":true},"in2DMode":false,"pivot":{"x":-0.0030771493911743166,"y":0.030737638473510743,"z":-0.0057530999183654789},"rotation":{"x":0.023017428815364839,"y":0.9752902984619141,"z":0.1235412061214447,"w":-0.18171195685863496},"size":0.8037837743759155,"orthographic":true}