{"cameraMode":{"drawMode":0,"name":"Shaded","section":"Shading Mode"},"sceneLighting":false,"audioPlay":false,"sceneViewState":{"showFog":true,"showMaterialUpdate":false,"showSkybox":false,"showFlares":true,"showImageEffects":true,"showParticleSystems":true},"in2DMode":false,"pivot":{"x":-0.010957062244415284,"y":-0.5288881063461304,"z":0.06268155574798584},"rotation":{"x":-0.01799803599715233,"y":-0.011720595881342888,"z":0.00020970321202185005,"w":-0.9997732043266296},"size":0.7980970740318298,"orthographic":true}