{"cameraMode":{"drawMode":0,"name":"Shaded","section":"Shading Mode"},"sceneLighting":false,"audioPlay":false,"sceneViewState":{"showFog":true,"showMaterialUpdate":false,"showSkybox":false,"showFlares":true,"showImageEffects":true,"showParticleSystems":true},"in2DMode":false,"pivot":{"x":0.0000978708267211914,"y":-0.09521794319152832,"z":-0.023178279399871827},"rotation":{"x":0.11042231321334839,"y":0.07892778515815735,"z":-0.00879725068807602,"w":0.9907075762748718},"size":0.6443390250205994,"orthographic":true}