{"cameraMode":{"drawMode":0,"name":"Shaded","section":"Shading Mode"},"sceneLighting":false,"audioPlay":false,"sceneViewState":{"showFog":true,"showMaterialUpdate":false,"showSkybox":false,"showFlares":true,"showImageEffects":true,"showParticleSystems":true},"in2DMode":false,"pivot":{"x":-0.06810429692268372,"y":-1.1669834852218629,"z":0.19851350784301759},"rotation":{"x":0.10474416613578797,"y":0.0346166230738163,"z":-0.0036464023869484665,"w":0.9938927292823792},"size":3.315946578979492,"orthographic":true}