{"cameraMode":{"drawMode":0,"name":"Shaded","section":"Shading Mode"},"sceneLighting":false,"audioPlay":false,"sceneViewState":{"showFog":true,"showMaterialUpdate":false,"showSkybox":false,"showFlares":true,"showImageEffects":true,"showParticleSystems":true},"in2DMode":false,"pivot":{"x":0.007269322872161865,"y":0.2998924255371094,"z":-0.0777919590473175},"rotation":{"x":-0.01799803599715233,"y":-0.011720595881342888,"z":0.00020970321202185005,"w":-0.9997732043266296},"size":0.7526633143424988,"orthographic":true}