{"cameraMode":{"drawMode":0,"name":"Shaded","section":"Shading Mode"},"sceneLighting":true,"audioPlay":false,"sceneViewState":{"showFog":true,"showMaterialUpdate":false,"showSkybox":false,"showFlares":true,"showImageEffects":true,"showParticleSystems":true},"in2DMode":false,"pivot":{"x":0.9117040634155273,"y":-8.981365203857422,"z":4.066712379455566},"rotation":{"x":0.003507538465783,"y":0.9844452142715454,"z":-0.1745671182870865,"w":0.019802015274763109},"size":13.641195297241211,"orthographic":false}