{"cameraMode":{"drawMode":0,"name":"Shaded","section":"Shading Mode"},"sceneLighting":false,"audioPlay":false,"sceneViewState":{"showFog":true,"showMaterialUpdate":false,"showSkybox":false,"showFlares":true,"showImageEffects":true,"showParticleSystems":true},"in2DMode":false,"pivot":{"x":-2.8343265512376094e-8,"y":0.24900005757808686,"z":-1.2477357813622803e-8},"rotation":{"x":-0.0883311852812767,"y":0.034653205424547198,"z":-0.0030755759216845037,"w":-0.9954858422279358},"size":10.0,"orthographic":true}