{"cameraMode":{"drawMode":0,"name":"Shaded","section":"Shading Mode"},"sceneLighting":false,"audioPlay":false,"sceneViewState":{"showFog":true,"showMaterialUpdate":false,"showSkybox":false,"showFlares":true,"showImageEffects":true,"showParticleSystems":true},"in2DMode":false,"pivot":{"x":-0.0095100998878479,"y":0.3161829113960266,"z":0.050485044717788699},"rotation":{"x":-0.0689278244972229,"y":0.0224447138607502,"z":0.0015511366073042155,"w":0.9973676800727844},"size":0.9127863049507141,"orthographic":false}