{"cameraMode":{"drawMode":0,"name":"Shaded","section":"Shading Mode"},"sceneLighting":false,"audioPlay":false,"sceneViewState":{"showFog":true,"showMaterialUpdate":false,"showSkybox":false,"showFlares":true,"showImageEffects":true,"showParticleSystems":true},"in2DMode":false,"pivot":{"x":-0.0014181137084960938,"y":-0.11602622270584107,"z":-0.0272834450006485},"rotation":{"x":-0.0020049759186804296,"y":-0.979218602180481,"z":0.2025788277387619,"w":-0.00968323927372694},"size":1.400546669960022,"orthographic":true}