{"cameraMode":{"drawMode":0,"name":"Shaded","section":"Shading Mode"},"sceneLighting":false,"audioPlay":false,"sceneViewState":{"showFog":true,"showMaterialUpdate":false,"showSkybox":false,"showFlares":true,"showImageEffects":true,"showParticleSystems":true},"in2DMode":false,"pivot":{"x":-0.023500025272369386,"y":0.2662522792816162,"z":-0.06933505833148956},"rotation":{"x":0.41991832852363589,"y":-0.5687631964683533,"z":0.5694505572319031,"w":0.4194173216819763},"size":1.1264663934707642,"orthographic":true}