{"cameraMode":{"drawMode":0,"name":"Shaded","section":"Shading Mode"},"sceneLighting":false,"audioPlay":false,"sceneViewState":{"showFog":true,"showMaterialUpdate":false,"showSkybox":false,"showFlares":true,"showImageEffects":true,"showParticleSystems":true},"in2DMode":false,"pivot":{"x":0.0000978708267211914,"y":-0.09521794319152832,"z":-0.023178279399871827},"rotation":{"x":0.18137739598751069,"y":0.6603646278381348,"z":-0.16897070407867433,"w":0.7088520526885986},"size":1.384232521057129,"orthographic":true}