{"cameraMode":{"drawMode":0,"name":"Shaded","section":"Shading Mode"},"sceneLighting":false,"audioPlay":false,"sceneViewState":{"showFog":true,"showMaterialUpdate":false,"showSkybox":false,"showFlares":true,"showImageEffects":true,"showParticleSystems":true},"in2DMode":false,"pivot":{"x":-0.028525352478027345,"y":0.24650385975837708,"z":-0.03508883714675903},"rotation":{"x":-0.01799803599715233,"y":-0.011720595881342888,"z":0.00020970321202185005,"w":-0.9997732043266296},"size":0.5229491591453552,"orthographic":true}