{"cameraMode":{"drawMode":0,"name":"Shaded","section":"Shading Mode"},"sceneLighting":false,"audioPlay":false,"sceneViewState":{"showFog":true,"showMaterialUpdate":false,"showSkybox":false,"showFlares":true,"showImageEffects":true,"showParticleSystems":true},"in2DMode":false,"pivot":{"x":-0.000006732530891895294,"y":0.0039366744458675388,"z":-0.005586796440184116},"rotation":{"x":0.07551488280296326,"y":0.8241497874259949,"z":-0.11320043355226517,"w":0.5497831106185913},"size":4412554240.0,"orthographic":true}