{"cameraMode":{"drawMode":0,"name":"Shaded","section":"Shading Mode"},"sceneLighting":false,"audioPlay":false,"sceneViewState":{"showFog":true,"showMaterialUpdate":false,"showSkybox":false,"showFlares":true,"showImageEffects":true,"showParticleSystems":true},"in2DMode":false,"pivot":{"x":-0.023500025272369386,"y":0.15517109632492066,"z":0.058984845876693729},"rotation":{"x":-0.0883311852812767,"y":0.034653205424547198,"z":-0.0030755759216845037,"w":-0.9954858422279358},"size":1.1966663599014283,"orthographic":true}