{"cameraMode":{"drawMode":0,"name":"Shaded","section":"Shading Mode"},"sceneLighting":false,"audioPlay":false,"sceneViewState":{"showFog":true,"showMaterialUpdate":false,"showSkybox":false,"showFlares":true,"showImageEffects":true,"showParticleSystems":true},"in2DMode":false,"pivot":{"x":-0.02840191125869751,"y":0.3742738962173462,"z":0.015959978103637697},"rotation":{"x":-0.004997772164642811,"y":-0.9940835237503052,"z":0.052237313240766528,"w":-0.09511303901672363},"size":0.8959912657737732,"orthographic":true}