{"cameraMode":{"drawMode":0,"name":"Shaded","section":"Shading Mode"},"sceneLighting":false,"audioPlay":false,"sceneViewState":{"showFog":true,"showMaterialUpdate":false,"showSkybox":false,"showFlares":true,"showImageEffects":true,"showParticleSystems":true},"in2DMode":false,"pivot":{"x":0.0000883936882019043,"y":-0.09521818161010742,"z":-0.02317824959754944},"rotation":{"x":0.017990749329328538,"y":0.03026803955435753,"z":0.000543161469977349,"w":-0.9993826150894165},"size":1.3842257261276246,"orthographic":true}