{"cameraMode":{"drawMode":0,"name":"Shaded","section":"Shading Mode"},"sceneLighting":false,"audioPlay":false,"sceneViewState":{"showFog":true,"showMaterialUpdate":false,"showSkybox":false,"showFlares":true,"showImageEffects":true,"showParticleSystems":true},"in2DMode":false,"pivot":{"x":-0.00008374452590942383,"y":-0.09521752595901489,"z":0.023148924112319948},"rotation":{"x":-0.004997772164642811,"y":-0.9940835237503052,"z":0.052237313240766528,"w":-0.09511303901672363},"size":1.3842384815216065,"orthographic":true}