{"cameraMode":{"drawMode":0,"name":"Shaded","section":"Shading Mode"},"sceneLighting":false,"audioPlay":false,"sceneViewState":{"showFog":true,"showMaterialUpdate":false,"showSkybox":false,"showFlares":true,"showImageEffects":true,"showParticleSystems":true},"in2DMode":false,"pivot":{"x":-0.015582382678985596,"y":0.3593222498893738,"z":-0.04508781433105469},"rotation":{"x":-0.00027424460859037936,"y":0.9994327425956726,"z":-0.008393686264753342,"w":-0.03269734978675842},"size":0.8427414894104004,"orthographic":true}