{"cameraMode":{"drawMode":0,"name":"Shaded","section":"Shading Mode"},"sceneLighting":false,"audioPlay":false,"sceneViewState":{"showFog":true,"showMaterialUpdate":false,"showSkybox":false,"showFlares":true,"showImageEffects":true,"showParticleSystems":true},"in2DMode":false,"pivot":{"x":-0.06810429692268372,"y":-1.1669834852218629,"z":0.19851350784301759},"rotation":{"x":-0.0883311852812767,"y":0.034653205424547198,"z":-0.0030755759216845037,"w":-0.9954858422279358},"size":3.316215991973877,"orthographic":true}